lane_key,origin_id,origin_name,destination_id,destination_name,lane_status,last_checked,run_mode,sailing_id,etd,eta,vessel,transit,route,point_to_point_url
2IW9P6J7XAW72__2LMUYHDQXMRNJ,2IW9P6J7XAW72,Shanghai,2LMUYHDQXMRNJ,Los Angeles,active,2026-03-18,full,434:610E,2026-03-16 17:43,2026-04-01 08:00,GERNER MAERSK,16d 5h 17m,P1E | 708 TP8 | YANGSHAN SGH GUANDONG TERMINAL (Shanghai) -> LSA APM Terminal Pier 400( W185 ) (Los Angeles),https://www.maersk.com/schedules/pointToPoint?from=2IW9P6J7XAW72&to=2LMUYHDQXMRNJ&containerIsoCode=45G1&fromServiceMode=CY&toServiceMode=CY&numberOfWeeks=4&dateType=D&date=2026-03-18&vesselFlag=
2IW9P6J7XAW72__2LMUYHDQXMRNJ,2IW9P6J7XAW72,Shanghai,2LMUYHDQXMRNJ,Los Angeles,active,2026-03-18,full,613:611E,2026-03-23 15:00,2026-04-08 08:00,GERD MAERSK,16d 8h,P1E | 708 TP8 | YANGSHAN SGH GUANDONG TERMINAL (Shanghai) -> LSA APM Terminal Pier 400( W185 ) (Los Angeles),https://www.maersk.com/schedules/pointToPoint?from=2IW9P6J7XAW72&to=2LMUYHDQXMRNJ&containerIsoCode=45G1&fromServiceMode=CY&toServiceMode=CY&numberOfWeeks=4&dateType=D&date=2026-03-18&vesselFlag=
2IW9P6J7XAW72__2LMUYHDQXMRNJ,2IW9P6J7XAW72,Shanghai,2LMUYHDQXMRNJ,Los Angeles,active,2026-03-18,full,614:612E,2026-03-30 14:00,2026-04-15 08:00,GEORG MAERSK,16d 9h,P1E | 708 TP8 | YANGSHAN SGH GUANDONG TERMINAL (Shanghai) -> LSA APM Terminal Pier 400( W185 ) (Los Angeles),https://www.maersk.com/schedules/pointToPoint?from=2IW9P6J7XAW72&to=2LMUYHDQXMRNJ&containerIsoCode=45G1&fromServiceMode=CY&toServiceMode=CY&numberOfWeeks=4&dateType=D&date=2026-03-18&vesselFlag=
2IW9P6J7XAW72__2LMUYHDQXMRNJ,2IW9P6J7XAW72,Shanghai,2LMUYHDQXMRNJ,Los Angeles,active,2026-03-18,full,592:613E,2026-04-07 13:00,2026-04-22 08:00,GERDA MAERSK,15d 10h,P1E | 708 TP8 | YANGSHAN SGH GUANDONG TERMINAL (Shanghai) -> LSA APM Terminal Pier 400( W185 ) (Los Angeles),https://www.maersk.com/schedules/pointToPoint?from=2IW9P6J7XAW72&to=2LMUYHDQXMRNJ&containerIsoCode=45G1&fromServiceMode=CY&toServiceMode=CY&numberOfWeeks=4&dateType=D&date=2026-03-18&vesselFlag=
2IW9P6J7XAW72__2LMUYHDQXMRNJ,2IW9P6J7XAW72,Shanghai,2LMUYHDQXMRNJ,Los Angeles,active,2026-03-18,full,586:614E,2026-04-14 13:00,2026-04-29 08:00,GUSTAV MAERSK,15d 10h,P1E | 708 TP8 | YANGSHAN SGH GUANDONG TERMINAL (Shanghai) -> LSA APM Terminal Pier 400( W185 ) (Los Angeles),https://www.maersk.com/schedules/pointToPoint?from=2IW9P6J7XAW72&to=2LMUYHDQXMRNJ&containerIsoCode=45G1&fromServiceMode=CY&toServiceMode=CY&numberOfWeeks=4&dateType=D&date=2026-03-18&vesselFlag=
2IW9P6J7XAW72__09BIUNPPZHC3Y,2IW9P6J7XAW72,Shanghai,09BIUNPPZHC3Y,Long Beach,inactive,2026-03-18,full,,,,,,,https://www.maersk.com/schedules/pointToPoint?from=2IW9P6J7XAW72&to=09BIUNPPZHC3Y&containerIsoCode=45G1&fromServiceMode=CY&toServiceMode=CY&numberOfWeeks=4&dateType=D&date=2026-03-18&vesselFlag=
2IW9P6J7XAW72__02R2IYUF20M7Z,2IW9P6J7XAW72,Shanghai,02R2IYUF20M7Z,New York / New Jersey,active,2026-03-18,full,K9X:611E,2026-03-19 22:00,2026-04-22 19:00,COCHRANE,34d 9h,P3E | 712 TP12 | YANGSHAN SGH GUANDONG TERMINAL (Shanghai) -> Apm Terminal - Berth 88 E425 (Newark),https://www.maersk.com/schedules/pointToPoint?from=2IW9P6J7XAW72&to=02R2IYUF20M7Z&containerIsoCode=45G1&fromServiceMode=CY&toServiceMode=CY&numberOfWeeks=4&dateType=D&date=2026-03-18&vesselFlag=
2IW9P6J7XAW72__02R2IYUF20M7Z,2IW9P6J7XAW72,Shanghai,02R2IYUF20M7Z,New York / New Jersey,active,2026-03-18,full,IF8:612E,2026-03-26 05:00,2026-04-29 19:00,KANDLA EXPRESS,35d 2h,P3E | 712 TP12 | YANGSHAN SGH GUANDONG TERMINAL (Shanghai) -> Apm Terminal - Berth 88 E425 (Newark),https://www.maersk.com/schedules/pointToPoint?from=2IW9P6J7XAW72&to=02R2IYUF20M7Z&containerIsoCode=45G1&fromServiceMode=CY&toServiceMode=CY&numberOfWeeks=4&dateType=D&date=2026-03-18&vesselFlag=
2IW9P6J7XAW72__02R2IYUF20M7Z,2IW9P6J7XAW72,Shanghai,02R2IYUF20M7Z,New York / New Jersey,active,2026-03-18,full,Y00:613E,2026-04-02 05:00,2026-05-06 19:00,COLOMBO EXPRESS,35d 2h,P3E | 712 TP12 | YANGSHAN SGH GUANDONG TERMINAL (Shanghai) -> Apm Terminal - Berth 88 E425 (Newark),https://www.maersk.com/schedules/pointToPoint?from=2IW9P6J7XAW72&to=02R2IYUF20M7Z&containerIsoCode=45G1&fromServiceMode=CY&toServiceMode=CY&numberOfWeeks=4&dateType=D&date=2026-03-18&vesselFlag=
2IW9P6J7XAW72__02R2IYUF20M7Z,2IW9P6J7XAW72,Shanghai,02R2IYUF20M7Z,New York / New Jersey,active,2026-03-18,full,612:614E,2026-04-09 05:00,2026-05-13 19:00,GJERTRUD MAERSK,35d 2h,P3E | 712 TP12 | YANGSHAN SGH GUANDONG TERMINAL (Shanghai) -> Apm Terminal - Berth 88 E425 (Newark),https://www.maersk.com/schedules/pointToPoint?from=2IW9P6J7XAW72&to=02R2IYUF20M7Z&containerIsoCode=45G1&fromServiceMode=CY&toServiceMode=CY&numberOfWeeks=4&dateType=D&date=2026-03-18&vesselFlag=
2IW9P6J7XAW72__0FW19NDUZ2NI7,2IW9P6J7XAW72,Shanghai,0FW19NDUZ2NI7,Savannah,active,2026-03-18,full,H7F:611E,2026-03-24 03:00,2026-04-23 20:00,CCNI ANGOL,31d 5h,P3E | 711 TP11 | YANGSHAN SGH GUANDONG TERMINAL (Shanghai) -> Savannah Garden City Terminal L738 (Savannah),https://www.maersk.com/schedules/pointToPoint?from=2IW9P6J7XAW72&to=0FW19NDUZ2NI7&containerIsoCode=45G1&fromServiceMode=CY&toServiceMode=CY&numberOfWeeks=4&dateType=D&date=2026-03-18&vesselFlag=
2IW9P6J7XAW72__0FW19NDUZ2NI7,2IW9P6J7XAW72,Shanghai,0FW19NDUZ2NI7,Savannah,active,2026-03-18,full,621:612E,2026-03-31 03:00,2026-04-30 19:00,MAERSK LUZ,31d 4h,P3E | 711 TP11 | YANGSHAN SGH GUANDONG TERMINAL (Shanghai) -> Savannah Garden City Terminal L738 (Savannah),https://www.maersk.com/schedules/pointToPoint?from=2IW9P6J7XAW72&to=0FW19NDUZ2NI7&containerIsoCode=45G1&fromServiceMode=CY&toServiceMode=CY&numberOfWeeks=4&dateType=D&date=2026-03-18&vesselFlag=
2IW9P6J7XAW72__0FW19NDUZ2NI7,2IW9P6J7XAW72,Shanghai,0FW19NDUZ2NI7,Savannah,active,2026-03-18,full,C8L:613E,2026-04-07 03:00,2026-05-07 19:00,MAERSK SINGAPORE,31d 4h,P3E | 711 TP11 | YANGSHAN SGH GUANDONG TERMINAL (Shanghai) -> Savannah Garden City Terminal L738 (Savannah),https://www.maersk.com/schedules/pointToPoint?from=2IW9P6J7XAW72&to=0FW19NDUZ2NI7&containerIsoCode=45G1&fromServiceMode=CY&toServiceMode=CY&numberOfWeeks=4&dateType=D&date=2026-03-18&vesselFlag=
2IW9P6J7XAW72__0FW19NDUZ2NI7,2IW9P6J7XAW72,Shanghai,0FW19NDUZ2NI7,Savannah,active,2026-03-18,full,D6R:614E,2026-04-14 03:00,2026-05-14 19:00,MAERSK SHAMS,31d 4h,P3E | 711 TP11 | YANGSHAN SGH GUANDONG TERMINAL (Shanghai) -> Savannah Garden City Terminal L738 (Savannah),https://www.maersk.com/schedules/pointToPoint?from=2IW9P6J7XAW72&to=0FW19NDUZ2NI7&containerIsoCode=45G1&fromServiceMode=CY&toServiceMode=CY&numberOfWeeks=4&dateType=D&date=2026-03-18&vesselFlag=
2IW9P6J7XAW72__183AKT65YAHRZ,2IW9P6J7XAW72,Shanghai,183AKT65YAHRZ,Houston,active,2026-03-18,full,CR3:613E,2026-03-25 06:00,2026-05-06 07:00,GSL Sofia,42d 14h,P3E | 715 TP15 | YANGSHAN SGH GUANDONG TERMINAL (Shanghai) -> Bay Port Container Terminal (Houston),https://www.maersk.com/schedules/pointToPoint?from=2IW9P6J7XAW72&to=183AKT65YAHRZ&containerIsoCode=45G1&fromServiceMode=CY&toServiceMode=CY&numberOfWeeks=4&dateType=D&date=2026-03-18&vesselFlag=
2IW9P6J7XAW72__183AKT65YAHRZ,2IW9P6J7XAW72,Shanghai,183AKT65YAHRZ,Houston,active,2026-03-18,full,686:614E,2026-04-01 06:00,2026-05-13 07:00,MAERSK LAVRAS,42d 14h,P3E | 715 TP15 | YANGSHAN SGH GUANDONG TERMINAL (Shanghai) -> Bay Port Container Terminal (Houston),https://www.maersk.com/schedules/pointToPoint?from=2IW9P6J7XAW72&to=183AKT65YAHRZ&containerIsoCode=45G1&fromServiceMode=CY&toServiceMode=CY&numberOfWeeks=4&dateType=D&date=2026-03-18&vesselFlag=
2IW9P6J7XAW72__183AKT65YAHRZ,2IW9P6J7XAW72,Shanghai,183AKT65YAHRZ,Houston,active,2026-03-18,full,26I:615E,2026-04-09 00:00,2026-05-20 07:00,MAERSK SAIGON,41d 20h,P3E | 715 TP15 | YANGSHAN SGH GUANDONG TERMINAL (Shanghai) -> Bay Port Container Terminal (Houston),https://www.maersk.com/schedules/pointToPoint?from=2IW9P6J7XAW72&to=183AKT65YAHRZ&containerIsoCode=45G1&fromServiceMode=CY&toServiceMode=CY&numberOfWeeks=4&dateType=D&date=2026-03-18&vesselFlag=
104T898SJZ6GU__2LMUYHDQXMRNJ,104T898SJZ6GU,Ningbo,2LMUYHDQXMRNJ,Los Angeles,active,2026-03-18,full,IG5:611E,2026-03-16 14:56,2026-03-31 18:00,DELAWARE EXPRESS,15d 18h 4m,P1E | 707 TP7 | Ningbo Meishan Terminal (Ningbo) -> LSA APM Terminal Pier 400( W185 ) (Los Angeles),https://www.maersk.com/schedules/pointToPoint?from=104T898SJZ6GU&to=2LMUYHDQXMRNJ&containerIsoCode=45G1&fromServiceMode=CY&toServiceMode=CY&numberOfWeeks=4&dateType=D&date=2026-03-18&vesselFlag=
104T898SJZ6GU__2LMUYHDQXMRNJ,104T898SJZ6GU,Ningbo,2LMUYHDQXMRNJ,Los Angeles,active,2026-03-18,full,P9U:612E,2026-03-24 00:00,2026-04-07 18:00,MISSOURI EXPRESS,15d 9h,P1E | 707 TP7 | Ningbo Meishan Terminal (Ningbo) -> LSA APM Terminal Pier 400( W185 ) (Los Angeles),https://www.maersk.com/schedules/pointToPoint?from=104T898SJZ6GU&to=2LMUYHDQXMRNJ&containerIsoCode=45G1&fromServiceMode=CY&toServiceMode=CY&numberOfWeeks=4&dateType=D&date=2026-03-18&vesselFlag=
104T898SJZ6GU__2LMUYHDQXMRNJ,104T898SJZ6GU,Ningbo,2LMUYHDQXMRNJ,Los Angeles,active,2026-03-18,full,IG7:613E,2026-03-30 14:00,2026-04-14 18:00,HUDSON EXPRESS,15d 19h,P1E | 707 TP7 | Ningbo Meishan Terminal (Ningbo) -> LSA APM Terminal Pier 400( W185 ) (Los Angeles),https://www.maersk.com/schedules/pointToPoint?from=104T898SJZ6GU&to=2LMUYHDQXMRNJ&containerIsoCode=45G1&fromServiceMode=CY&toServiceMode=CY&numberOfWeeks=4&dateType=D&date=2026-03-18&vesselFlag=
104T898SJZ6GU__2LMUYHDQXMRNJ,104T898SJZ6GU,Ningbo,2LMUYHDQXMRNJ,Los Angeles,active,2026-03-18,full,IG3:614E,2026-04-06 14:00,2026-04-21 18:00,POTOMAC EXPRESS,15d 19h,P1E | 707 TP7 | Ningbo Meishan Terminal (Ningbo) -> LSA APM Terminal Pier 400( W185 ) (Los Angeles),https://www.maersk.com/schedules/pointToPoint?from=104T898SJZ6GU&to=2LMUYHDQXMRNJ&containerIsoCode=45G1&fromServiceMode=CY&toServiceMode=CY&numberOfWeeks=4&dateType=D&date=2026-03-18&vesselFlag=
104T898SJZ6GU__2LMUYHDQXMRNJ,104T898SJZ6GU,Ningbo,2LMUYHDQXMRNJ,Los Angeles,active,2026-03-18,full,L60:615E,2026-04-13 14:00,2026-04-28 18:00,MAERSK KINLOSS,15d 19h,P1E | 707 TP7 | Ningbo Meishan Terminal (Ningbo) -> LSA APM Terminal Pier 400( W185 ) (Los Angeles),https://www.maersk.com/schedules/pointToPoint?from=104T898SJZ6GU&to=2LMUYHDQXMRNJ&containerIsoCode=45G1&fromServiceMode=CY&toServiceMode=CY&numberOfWeeks=4&dateType=D&date=2026-03-18&vesselFlag=
104T898SJZ6GU__09BIUNPPZHC3Y,104T898SJZ6GU,Ningbo,09BIUNPPZHC3Y,Long Beach,inactive,2026-03-18,full,,,,,,,https://www.maersk.com/schedules/pointToPoint?from=104T898SJZ6GU&to=09BIUNPPZHC3Y&containerIsoCode=45G1&fromServiceMode=CY&toServiceMode=CY&numberOfWeeks=4&dateType=D&date=2026-03-18&vesselFlag=
104T898SJZ6GU__02R2IYUF20M7Z,104T898SJZ6GU,Ningbo,02R2IYUF20M7Z,New York / New Jersey,active,2026-03-18,full,IF8:612E,2026-03-22 21:00,2026-04-29 19:00,KANDLA EXPRESS,38d 10h,P3E | 712 TP12 | Ningbo Meishan Terminal (Ningbo) -> Apm Terminal - Berth 88 E425 (Newark),https://www.maersk.com/schedules/pointToPoint?from=104T898SJZ6GU&to=02R2IYUF20M7Z&containerIsoCode=45G1&fromServiceMode=CY&toServiceMode=CY&numberOfWeeks=4&dateType=D&date=2026-03-18&vesselFlag=
104T898SJZ6GU__02R2IYUF20M7Z,104T898SJZ6GU,Ningbo,02R2IYUF20M7Z,New York / New Jersey,active,2026-03-18,full,Y00:613E,2026-03-29 21:00,2026-05-06 19:00,COLOMBO EXPRESS,38d 10h,P3E | 712 TP12 | Ningbo Meishan Terminal (Ningbo) -> Apm Terminal - Berth 88 E425 (Newark),https://www.maersk.com/schedules/pointToPoint?from=104T898SJZ6GU&to=02R2IYUF20M7Z&containerIsoCode=45G1&fromServiceMode=CY&toServiceMode=CY&numberOfWeeks=4&dateType=D&date=2026-03-18&vesselFlag=
104T898SJZ6GU__02R2IYUF20M7Z,104T898SJZ6GU,Ningbo,02R2IYUF20M7Z,New York / New Jersey,active,2026-03-18,full,612:614E,2026-04-05 21:00,2026-05-13 19:00,GJERTRUD MAERSK,38d 10h,P3E | 712 TP12 | Ningbo Meishan Terminal (Ningbo) -> Apm Terminal - Berth 88 E425 (Newark),https://www.maersk.com/schedules/pointToPoint?from=104T898SJZ6GU&to=02R2IYUF20M7Z&containerIsoCode=45G1&fromServiceMode=CY&toServiceMode=CY&numberOfWeeks=4&dateType=D&date=2026-03-18&vesselFlag=
104T898SJZ6GU__02R2IYUF20M7Z,104T898SJZ6GU,Ningbo,02R2IYUF20M7Z,New York / New Jersey,active,2026-03-18,full,IK6:615E,2026-04-12 21:00,2026-05-20 19:00,NHAVA SHEVA EXPRES,38d 10h,P3E | 712 TP12 | Ningbo Meishan Terminal (Ningbo) -> Apm Terminal - Berth 88 E425 (Newark),https://www.maersk.com/schedules/pointToPoint?from=104T898SJZ6GU&to=02R2IYUF20M7Z&containerIsoCode=45G1&fromServiceMode=CY&toServiceMode=CY&numberOfWeeks=4&dateType=D&date=2026-03-18&vesselFlag=
104T898SJZ6GU__0FW19NDUZ2NI7,104T898SJZ6GU,Ningbo,0FW19NDUZ2NI7,Savannah,active,2026-03-18,full,H7F:611E,2026-03-20 08:00,2026-04-23 20:00,CCNI ANGOL,35d,P3E | 711 TP11 | Ningbo Meishan Terminal (Ningbo) -> Savannah Garden City Terminal L738 (Savannah),https://www.maersk.com/schedules/pointToPoint?from=104T898SJZ6GU&to=0FW19NDUZ2NI7&containerIsoCode=45G1&fromServiceMode=CY&toServiceMode=CY&numberOfWeeks=4&dateType=D&date=2026-03-18&vesselFlag=
104T898SJZ6GU__0FW19NDUZ2NI7,104T898SJZ6GU,Ningbo,0FW19NDUZ2NI7,Savannah,active,2026-03-18,full,621:612E,2026-03-27 12:00,2026-04-30 19:00,MAERSK LUZ,34d 19h,P3E | 711 TP11 | Ningbo Meishan Terminal (Ningbo) -> Savannah Garden City Terminal L738 (Savannah),https://www.maersk.com/schedules/pointToPoint?from=104T898SJZ6GU&to=0FW19NDUZ2NI7&containerIsoCode=45G1&fromServiceMode=CY&toServiceMode=CY&numberOfWeeks=4&dateType=D&date=2026-03-18&vesselFlag=
104T898SJZ6GU__0FW19NDUZ2NI7,104T898SJZ6GU,Ningbo,0FW19NDUZ2NI7,Savannah,active,2026-03-18,full,C8L:613E,2026-04-03 12:00,2026-05-07 19:00,MAERSK SINGAPORE,34d 19h,P3E | 711 TP11 | Ningbo Meishan Terminal (Ningbo) -> Savannah Garden City Terminal L738 (Savannah),https://www.maersk.com/schedules/pointToPoint?from=104T898SJZ6GU&to=0FW19NDUZ2NI7&containerIsoCode=45G1&fromServiceMode=CY&toServiceMode=CY&numberOfWeeks=4&dateType=D&date=2026-03-18&vesselFlag=
104T898SJZ6GU__0FW19NDUZ2NI7,104T898SJZ6GU,Ningbo,0FW19NDUZ2NI7,Savannah,active,2026-03-18,full,D6R:614E,2026-04-10 12:00,2026-05-14 19:00,MAERSK SHAMS,34d 19h,P3E | 711 TP11 | Ningbo Meishan Terminal (Ningbo) -> Savannah Garden City Terminal L738 (Savannah),https://www.maersk.com/schedules/pointToPoint?from=104T898SJZ6GU&to=0FW19NDUZ2NI7&containerIsoCode=45G1&fromServiceMode=CY&toServiceMode=CY&numberOfWeeks=4&dateType=D&date=2026-03-18&vesselFlag=
104T898SJZ6GU__183AKT65YAHRZ,104T898SJZ6GU,Ningbo,183AKT65YAHRZ,Houston,active,2026-03-18,full,R7Y:612E,2026-03-21 06:00,2026-04-29 07:00,GSL CHRISTEN,39d 14h,P3E | 715 TP15 | Ningbo Meishan Terminal (Ningbo) -> Bay Port Container Terminal (Houston),https://www.maersk.com/schedules/pointToPoint?from=104T898SJZ6GU&to=183AKT65YAHRZ&containerIsoCode=45G1&fromServiceMode=CY&toServiceMode=CY&numberOfWeeks=4&dateType=D&date=2026-03-18&vesselFlag=
104T898SJZ6GU__183AKT65YAHRZ,104T898SJZ6GU,Ningbo,183AKT65YAHRZ,Houston,active,2026-03-18,full,CR3:613E,2026-03-28 06:00,2026-05-06 07:00,GSL Sofia,39d 14h,P3E | 715 TP15 | Ningbo Meishan Terminal (Ningbo) -> Bay Port Container Terminal (Houston),https://www.maersk.com/schedules/pointToPoint?from=104T898SJZ6GU&to=183AKT65YAHRZ&containerIsoCode=45G1&fromServiceMode=CY&toServiceMode=CY&numberOfWeeks=4&dateType=D&date=2026-03-18&vesselFlag=
104T898SJZ6GU__183AKT65YAHRZ,104T898SJZ6GU,Ningbo,183AKT65YAHRZ,Houston,active,2026-03-18,full,686:614E,2026-04-04 06:00,2026-05-13 07:00,MAERSK LAVRAS,39d 14h,P3E | 715 TP15 | Ningbo Meishan Terminal (Ningbo) -> Bay Port Container Terminal (Houston),https://www.maersk.com/schedules/pointToPoint?from=104T898SJZ6GU&to=183AKT65YAHRZ&containerIsoCode=45G1&fromServiceMode=CY&toServiceMode=CY&numberOfWeeks=4&dateType=D&date=2026-03-18&vesselFlag=
104T898SJZ6GU__183AKT65YAHRZ,104T898SJZ6GU,Ningbo,183AKT65YAHRZ,Houston,active,2026-03-18,full,26I:615E,2026-04-11 12:01,2026-05-20 07:00,MAERSK SAIGON,39d 7h 59m,P3E | 715 TP15 | Ningbo Meishan Terminal (Ningbo) -> Bay Port Container Terminal (Houston),https://www.maersk.com/schedules/pointToPoint?from=104T898SJZ6GU&to=183AKT65YAHRZ&containerIsoCode=45G1&fromServiceMode=CY&toServiceMode=CY&numberOfWeeks=4&dateType=D&date=2026-03-18&vesselFlag=
2FVE7L38DGRY6__2LMUYHDQXMRNJ,2FVE7L38DGRY6,Shenzhen,2LMUYHDQXMRNJ,Los Angeles,inactive,2026-03-18,full,,,,,,,https://www.maersk.com/schedules/pointToPoint?from=2FVE7L38DGRY6&to=2LMUYHDQXMRNJ&containerIsoCode=45G1&fromServiceMode=CY&toServiceMode=CY&numberOfWeeks=4&dateType=D&date=2026-03-18&vesselFlag=
2FVE7L38DGRY6__09BIUNPPZHC3Y,2FVE7L38DGRY6,Shenzhen,09BIUNPPZHC3Y,Long Beach,inactive,2026-03-18,full,,,,,,,https://www.maersk.com/schedules/pointToPoint?from=2FVE7L38DGRY6&to=09BIUNPPZHC3Y&containerIsoCode=45G1&fromServiceMode=CY&toServiceMode=CY&numberOfWeeks=4&dateType=D&date=2026-03-18&vesselFlag=
2FVE7L38DGRY6__02R2IYUF20M7Z,2FVE7L38DGRY6,Shenzhen,02R2IYUF20M7Z,New York / New Jersey,inactive,2026-03-18,full,,,,,,,https://www.maersk.com/schedules/pointToPoint?from=2FVE7L38DGRY6&to=02R2IYUF20M7Z&containerIsoCode=45G1&fromServiceMode=CY&toServiceMode=CY&numberOfWeeks=4&dateType=D&date=2026-03-18&vesselFlag=
2FVE7L38DGRY6__0FW19NDUZ2NI7,2FVE7L38DGRY6,Shenzhen,0FW19NDUZ2NI7,Savannah,inactive,2026-03-18,full,,,,,,,https://www.maersk.com/schedules/pointToPoint?from=2FVE7L38DGRY6&to=0FW19NDUZ2NI7&containerIsoCode=45G1&fromServiceMode=CY&toServiceMode=CY&numberOfWeeks=4&dateType=D&date=2026-03-18&vesselFlag=
2FVE7L38DGRY6__183AKT65YAHRZ,2FVE7L38DGRY6,Shenzhen,183AKT65YAHRZ,Houston,inactive,2026-03-18,full,,,,,,,https://www.maersk.com/schedules/pointToPoint?from=2FVE7L38DGRY6&to=183AKT65YAHRZ&containerIsoCode=45G1&fromServiceMode=CY&toServiceMode=CY&numberOfWeeks=4&dateType=D&date=2026-03-18&vesselFlag=
1YCLYW8V7RZB2__2LMUYHDQXMRNJ,1YCLYW8V7RZB2,Qingdao,2LMUYHDQXMRNJ,Los Angeles,active,2026-03-18,full,613:611E,2026-03-16 03:32,2026-04-08 08:00,GERD MAERSK,23d 19h 28m,P1E | 708 TP8 | Qingdao Qianwan Container Co Ltd (Qingdao) -> LSA APM Terminal Pier 400( W185 ) (Los Angeles),https://www.maersk.com/schedules/pointToPoint?from=1YCLYW8V7RZB2&to=2LMUYHDQXMRNJ&containerIsoCode=45G1&fromServiceMode=CY&toServiceMode=CY&numberOfWeeks=4&dateType=D&date=2026-03-18&vesselFlag=
1YCLYW8V7RZB2__2LMUYHDQXMRNJ,1YCLYW8V7RZB2,Qingdao,2LMUYHDQXMRNJ,Los Angeles,active,2026-03-18,full,614:612E,2026-03-22 08:00,2026-04-15 08:00,GEORG MAERSK,24d 15h,P1E | 708 TP8 | Qingdao Qianwan Container Co Ltd (Qingdao) -> LSA APM Terminal Pier 400( W185 ) (Los Angeles),https://www.maersk.com/schedules/pointToPoint?from=1YCLYW8V7RZB2&to=2LMUYHDQXMRNJ&containerIsoCode=45G1&fromServiceMode=CY&toServiceMode=CY&numberOfWeeks=4&dateType=D&date=2026-03-18&vesselFlag=
1YCLYW8V7RZB2__2LMUYHDQXMRNJ,1YCLYW8V7RZB2,Qingdao,2LMUYHDQXMRNJ,Los Angeles,active,2026-03-18,full,592:613E,2026-03-28 01:00,2026-04-22 08:00,GERDA MAERSK,25d 22h,P1E | 708 TP8 | Qingdao Qianwan Container Co Ltd (Qingdao) -> LSA APM Terminal Pier 400( W185 ) (Los Angeles),https://www.maersk.com/schedules/pointToPoint?from=1YCLYW8V7RZB2&to=2LMUYHDQXMRNJ&containerIsoCode=45G1&fromServiceMode=CY&toServiceMode=CY&numberOfWeeks=4&dateType=D&date=2026-03-18&vesselFlag=
1YCLYW8V7RZB2__2LMUYHDQXMRNJ,1YCLYW8V7RZB2,Qingdao,2LMUYHDQXMRNJ,Los Angeles,active,2026-03-18,full,586:614E,2026-04-04 01:00,2026-04-29 08:00,GUSTAV MAERSK,25d 22h,P1E | 708 TP8 | Qingdao Qianwan Container Co Ltd (Qingdao) -> LSA APM Terminal Pier 400( W185 ) (Los Angeles),https://www.maersk.com/schedules/pointToPoint?from=1YCLYW8V7RZB2&to=2LMUYHDQXMRNJ&containerIsoCode=45G1&fromServiceMode=CY&toServiceMode=CY&numberOfWeeks=4&dateType=D&date=2026-03-18&vesselFlag=
1YCLYW8V7RZB2__2LMUYHDQXMRNJ,1YCLYW8V7RZB2,Qingdao,2LMUYHDQXMRNJ,Los Angeles,active,2026-03-18,full,587:615E,2026-04-12 01:59,2026-05-06 08:00,GUTHORM MAERSK,24d 21h 1m,P1E | 708 TP8 | Qingdao Qianwan Container Co Ltd (Qingdao) -> LSA APM Terminal Pier 400( W185 ) (Los Angeles),https://www.maersk.com/schedules/pointToPoint?from=1YCLYW8V7RZB2&to=2LMUYHDQXMRNJ&containerIsoCode=45G1&fromServiceMode=CY&toServiceMode=CY&numberOfWeeks=4&dateType=D&date=2026-03-18&vesselFlag=
1YCLYW8V7RZB2__09BIUNPPZHC3Y,1YCLYW8V7RZB2,Qingdao,09BIUNPPZHC3Y,Long Beach,inactive,2026-03-18,full,,,,,,,https://www.maersk.com/schedules/pointToPoint?from=1YCLYW8V7RZB2&to=09BIUNPPZHC3Y&containerIsoCode=45G1&fromServiceMode=CY&toServiceMode=CY&numberOfWeeks=4&dateType=D&date=2026-03-18&vesselFlag=
1YCLYW8V7RZB2__02R2IYUF20M7Z,1YCLYW8V7RZB2,Qingdao,02R2IYUF20M7Z,New York / New Jersey,active,2026-03-18,full,613:611E|K9X:611E,2026-03-16 03:32,2026-04-22 19:00,GERD MAERSK -> COCHRANE,38d 3h 28m,P3E | 708 TP8 -> 712 TP12 | Qingdao Qianwan Container Co Ltd (Qingdao) -> Busan new port terminal Co.ltd (Busan) -> Apm Terminal - Berth 88 E425 (Newark),https://www.maersk.com/schedules/pointToPoint?from=1YCLYW8V7RZB2&to=02R2IYUF20M7Z&containerIsoCode=45G1&fromServiceMode=CY&toServiceMode=CY&numberOfWeeks=4&dateType=D&date=2026-03-18&vesselFlag=
1YCLYW8V7RZB2__02R2IYUF20M7Z,1YCLYW8V7RZB2,Qingdao,02R2IYUF20M7Z,New York / New Jersey,active,2026-03-18,full,614:612E|IF8:612E,2026-03-22 08:00,2026-04-29 19:00,GEORG MAERSK -> KANDLA EXPRESS,38d 23h,P3E | 708 TP8 -> 712 TP12 | Qingdao Qianwan Container Co Ltd (Qingdao) -> Busan new port terminal Co.ltd (Busan) -> Apm Terminal - Berth 88 E425 (Newark),https://www.maersk.com/schedules/pointToPoint?from=1YCLYW8V7RZB2&to=02R2IYUF20M7Z&containerIsoCode=45G1&fromServiceMode=CY&toServiceMode=CY&numberOfWeeks=4&dateType=D&date=2026-03-18&vesselFlag=
1YCLYW8V7RZB2__02R2IYUF20M7Z,1YCLYW8V7RZB2,Qingdao,02R2IYUF20M7Z,New York / New Jersey,active,2026-03-18,full,592:613E|Y00:613E,2026-03-28 01:00,2026-05-06 19:00,GERDA MAERSK -> COLOMBO EXPRESS,40d 6h,P3E | 708 TP8 -> 712 TP12 | Qingdao Qianwan Container Co Ltd (Qingdao) -> Busan new port terminal Co.ltd (Busan) -> Apm Terminal - Berth 88 E425 (Newark),https://www.maersk.com/schedules/pointToPoint?from=1YCLYW8V7RZB2&to=02R2IYUF20M7Z&containerIsoCode=45G1&fromServiceMode=CY&toServiceMode=CY&numberOfWeeks=4&dateType=D&date=2026-03-18&vesselFlag=
1YCLYW8V7RZB2__02R2IYUF20M7Z,1YCLYW8V7RZB2,Qingdao,02R2IYUF20M7Z,New York / New Jersey,active,2026-03-18,full,586:614E|612:614E,2026-04-04 01:00,2026-05-13 19:00,GUSTAV MAERSK -> GJERTRUD MAERSK,40d 6h,P3E | 708 TP8 -> 712 TP12 | Qingdao Qianwan Container Co Ltd (Qingdao) -> Busan new port terminal Co.ltd (Busan) -> Apm Terminal - Berth 88 E425 (Newark),https://www.maersk.com/schedules/pointToPoint?from=1YCLYW8V7RZB2&to=02R2IYUF20M7Z&containerIsoCode=45G1&fromServiceMode=CY&toServiceMode=CY&numberOfWeeks=4&dateType=D&date=2026-03-18&vesselFlag=
1YCLYW8V7RZB2__02R2IYUF20M7Z,1YCLYW8V7RZB2,Qingdao,02R2IYUF20M7Z,New York / New Jersey,active,2026-03-18,full,587:615E|IK6:615E,2026-04-12 01:59,2026-05-20 19:00,GUTHORM MAERSK -> NHAVA SHEVA EXPRES,39d 5h 1m,P3E | 708 TP8 -> 712 TP12 | Qingdao Qianwan Container Co Ltd (Qingdao) -> Busan new port terminal Co.ltd (Busan) -> Apm Terminal - Berth 88 E425 (Newark),https://www.maersk.com/schedules/pointToPoint?from=1YCLYW8V7RZB2&to=02R2IYUF20M7Z&containerIsoCode=45G1&fromServiceMode=CY&toServiceMode=CY&numberOfWeeks=4&dateType=D&date=2026-03-18&vesselFlag=
1YCLYW8V7RZB2__0FW19NDUZ2NI7,1YCLYW8V7RZB2,Qingdao,0FW19NDUZ2NI7,Savannah,active,2026-03-18,full,87A:612W|87A:612W|C8L:613E,2026-03-22 19:00,2026-05-07 19:00,MAERSK ESSEX -> MAERSK SINGAPORE,46d 12h,P3E | 425 AE15 -> 425 AE15 -> 711 TP11 | Qingdao Qianwan Container Co Ltd (Qingdao) -> Busan International Transhipment (Ulsan) -> Ningbo Meishan Terminal (Ningbo) -> Savannah Garden City Terminal L738 (Savannah),https://www.maersk.com/schedules/pointToPoint?from=1YCLYW8V7RZB2&to=0FW19NDUZ2NI7&containerIsoCode=45G1&fromServiceMode=CY&toServiceMode=CY&numberOfWeeks=4&dateType=D&date=2026-03-18&vesselFlag=
1YCLYW8V7RZB2__0FW19NDUZ2NI7,1YCLYW8V7RZB2,Qingdao,0FW19NDUZ2NI7,Savannah,active,2026-03-18,full,ID0:613W|ID0:613W|D6R:614E,2026-03-28 00:01,2026-05-14 19:00,ESSEN EXPRESS -> MAERSK SHAMS,48d 6h 59m,P3E | 425 AE15 -> 425 AE15 -> 711 TP11 | Qingdao Qianwan Container Co Ltd (Qingdao) -> Busan International Transhipment (Ulsan) -> Ningbo Meishan Terminal (Ningbo) -> Savannah Garden City Terminal L738 (Savannah),https://www.maersk.com/schedules/pointToPoint?from=1YCLYW8V7RZB2&to=0FW19NDUZ2NI7&containerIsoCode=45G1&fromServiceMode=CY&toServiceMode=CY&numberOfWeeks=4&dateType=D&date=2026-03-18&vesselFlag=
1YCLYW8V7RZB2__0FW19NDUZ2NI7,1YCLYW8V7RZB2,Qingdao,0FW19NDUZ2NI7,Savannah,active,2026-03-18,full,E2N:614W|E2N:614W|531:615E,2026-04-04 00:01,2026-05-21 19:00,MAERSK ENSENADA -> MAERSK TAIKUNG,48d 6h 59m,P3E | 425 AE15 -> 425 AE15 -> 711 TP11 | Qingdao Qianwan Container Co Ltd (Qingdao) -> Busan International Transhipment (Ulsan) -> Ningbo Meishan Terminal (Ningbo) -> Savannah Garden City Terminal L738 (Savannah),https://www.maersk.com/schedules/pointToPoint?from=1YCLYW8V7RZB2&to=0FW19NDUZ2NI7&containerIsoCode=45G1&fromServiceMode=CY&toServiceMode=CY&numberOfWeeks=4&dateType=D&date=2026-03-18&vesselFlag=
1YCLYW8V7RZB2__0FW19NDUZ2NI7,1YCLYW8V7RZB2,Qingdao,0FW19NDUZ2NI7,Savannah,active,2026-03-18,full,86A:615W|86A:615W|533:616E,2026-04-11 05:01,2026-05-28 19:00,MAERSK EVORA -> MAERSK TAURUS,48d 1h 59m,P3E | 425 AE15 -> 425 AE15 -> 711 TP11 | Qingdao Qianwan Container Co Ltd (Qingdao) -> Busan International Transhipment (Ulsan) -> Ningbo Meishan Terminal (Ningbo) -> Savannah Garden City Terminal L738 (Savannah),https://www.maersk.com/schedules/pointToPoint?from=1YCLYW8V7RZB2&to=0FW19NDUZ2NI7&containerIsoCode=45G1&fromServiceMode=CY&toServiceMode=CY&numberOfWeeks=4&dateType=D&date=2026-03-18&vesselFlag=
1YCLYW8V7RZB2__183AKT65YAHRZ,1YCLYW8V7RZB2,Qingdao,183AKT65YAHRZ,Houston,active,2026-03-18,full,V5M:612E|R7Y:612E,2026-03-21 23:00,2026-04-29 07:00,MAERSK EL BOSQUE -> GSL CHRISTEN,38d 21h,P3E | 691 AC2 -> 715 TP15 | Qingdao Qianwan Container Co Ltd (Qingdao) -> Busan new port terminal Co.ltd (Busan) -> Bay Port Container Terminal (Houston),https://www.maersk.com/schedules/pointToPoint?from=1YCLYW8V7RZB2&to=183AKT65YAHRZ&containerIsoCode=45G1&fromServiceMode=CY&toServiceMode=CY&numberOfWeeks=4&dateType=D&date=2026-03-18&vesselFlag=
1YCLYW8V7RZB2__183AKT65YAHRZ,1YCLYW8V7RZB2,Qingdao,183AKT65YAHRZ,Houston,active,2026-03-18,full,81A:613E|CR3:613E,2026-03-28 23:00,2026-05-06 07:00,MAERSK EMDEN -> GSL Sofia,38d 21h,P3E | 691 AC2 -> 715 TP15 | Qingdao Qianwan Container Co Ltd (Qingdao) -> Busan new port terminal Co.ltd (Busan) -> Bay Port Container Terminal (Houston),https://www.maersk.com/schedules/pointToPoint?from=1YCLYW8V7RZB2&to=183AKT65YAHRZ&containerIsoCode=45G1&fromServiceMode=CY&toServiceMode=CY&numberOfWeeks=4&dateType=D&date=2026-03-18&vesselFlag=
1YCLYW8V7RZB2__183AKT65YAHRZ,1YCLYW8V7RZB2,Qingdao,183AKT65YAHRZ,Houston,active,2026-03-18,full,E2O:614E|686:614E,2026-04-04 23:00,2026-05-13 07:00,MAERSK ESMERALDAS -> MAERSK LAVRAS,38d 21h,P3E | 691 AC2 -> 715 TP15 | Qingdao Qianwan Container Co Ltd (Qingdao) -> Busan new port terminal Co.ltd (Busan) -> Bay Port Container Terminal (Houston),https://www.maersk.com/schedules/pointToPoint?from=1YCLYW8V7RZB2&to=183AKT65YAHRZ&containerIsoCode=45G1&fromServiceMode=CY&toServiceMode=CY&numberOfWeeks=4&dateType=D&date=2026-03-18&vesselFlag=
1YCLYW8V7RZB2__183AKT65YAHRZ,1YCLYW8V7RZB2,Qingdao,183AKT65YAHRZ,Houston,active,2026-03-18,full,ET9:615E|26I:615E,2026-04-11 23:00,2026-05-20 07:00,AMBITION -> MAERSK SAIGON,38d 21h,P3E | 691 AC2 -> 715 TP15 | Qingdao Qianwan Container Co Ltd (Qingdao) -> Busan new port terminal Co.ltd (Busan) -> Bay Port Container Terminal (Houston),https://www.maersk.com/schedules/pointToPoint?from=1YCLYW8V7RZB2&to=183AKT65YAHRZ&containerIsoCode=45G1&fromServiceMode=CY&toServiceMode=CY&numberOfWeeks=4&dateType=D&date=2026-03-18&vesselFlag=
27EDDQ27KL27Y__2LMUYHDQXMRNJ,27EDDQ27KL27Y,Xiamen,2LMUYHDQXMRNJ,Los Angeles,active,2026-03-18,full,LB5:610N|IG7:613E,2026-03-17 06:46,2026-04-14 18:00,NAVIOS JASMINE -> HUDSON EXPRESS,29d 2h 14m,P1E | A14 Asia Shuttle 14 -> 707 TP7 | Xiamen Songyu Container Terminal (Xiamen) -> Busan new port terminal Co.ltd (Busan) -> LSA APM Terminal Pier 400( W185 ) (Los Angeles),https://www.maersk.com/schedules/pointToPoint?from=27EDDQ27KL27Y&to=2LMUYHDQXMRNJ&containerIsoCode=45G1&fromServiceMode=CY&toServiceMode=CY&numberOfWeeks=4&dateType=D&date=2026-03-18&vesselFlag=
27EDDQ27KL27Y__2LMUYHDQXMRNJ,27EDDQ27KL27Y,Xiamen,2LMUYHDQXMRNJ,Los Angeles,active,2026-03-18,full,P2S:611N|IG7:613E,2026-03-21 19:00,2026-04-14 18:00,SYNERGY KEELUNG -> HUDSON EXPRESS,24d 14h,P1E | A14 Asia Shuttle 14 -> 707 TP7 | Xiamen Songyu Container Terminal (Xiamen) -> Busan new port terminal Co.ltd (Busan) -> LSA APM Terminal Pier 400( W185 ) (Los Angeles),https://www.maersk.com/schedules/pointToPoint?from=27EDDQ27KL27Y&to=2LMUYHDQXMRNJ&containerIsoCode=45G1&fromServiceMode=CY&toServiceMode=CY&numberOfWeeks=4&dateType=D&date=2026-03-18&vesselFlag=
27EDDQ27KL27Y__2LMUYHDQXMRNJ,27EDDQ27KL27Y,Xiamen,2LMUYHDQXMRNJ,Los Angeles,active,2026-03-18,full,T9A:612N|IG3:614E,2026-03-28 19:00,2026-04-21 18:00,SYNERGY BUSAN -> POTOMAC EXPRESS,24d 14h,P1E | A14 Asia Shuttle 14 -> 707 TP7 | Xiamen Songyu Container Terminal (Xiamen) -> Busan new port terminal Co.ltd (Busan) -> LSA APM Terminal Pier 400( W185 ) (Los Angeles),https://www.maersk.com/schedules/pointToPoint?from=27EDDQ27KL27Y&to=2LMUYHDQXMRNJ&containerIsoCode=45G1&fromServiceMode=CY&toServiceMode=CY&numberOfWeeks=4&dateType=D&date=2026-03-18&vesselFlag=
27EDDQ27KL27Y__2LMUYHDQXMRNJ,27EDDQ27KL27Y,Xiamen,2LMUYHDQXMRNJ,Los Angeles,active,2026-03-18,full,11I:613N|L60:615E,2026-04-04 19:00,2026-04-28 18:00,UTE -> MAERSK KINLOSS,24d 14h,P1E | A14 Asia Shuttle 14 -> 707 TP7 | Xiamen Songyu Container Terminal (Xiamen) -> Busan new port terminal Co.ltd (Busan) -> LSA APM Terminal Pier 400( W185 ) (Los Angeles),https://www.maersk.com/schedules/pointToPoint?from=27EDDQ27KL27Y&to=2LMUYHDQXMRNJ&containerIsoCode=45G1&fromServiceMode=CY&toServiceMode=CY&numberOfWeeks=4&dateType=D&date=2026-03-18&vesselFlag=
27EDDQ27KL27Y__2LMUYHDQXMRNJ,27EDDQ27KL27Y,Xiamen,2LMUYHDQXMRNJ,Los Angeles,active,2026-03-18,full,LB5:614N|IG6:616E,2026-04-11 19:00,2026-05-05 18:00,NAVIOS JASMINE -> COLORADO EXPRESS,24d 14h,P1E | A14 Asia Shuttle 14 -> 707 TP7 | Xiamen Songyu Container Terminal (Xiamen) -> Busan new port terminal Co.ltd (Busan) -> LSA APM Terminal Pier 400( W185 ) (Los Angeles),https://www.maersk.com/schedules/pointToPoint?from=27EDDQ27KL27Y&to=2LMUYHDQXMRNJ&containerIsoCode=45G1&fromServiceMode=CY&toServiceMode=CY&numberOfWeeks=4&dateType=D&date=2026-03-18&vesselFlag=
27EDDQ27KL27Y__09BIUNPPZHC3Y,27EDDQ27KL27Y,Xiamen,09BIUNPPZHC3Y,Long Beach,inactive,2026-03-18,full,,,,,,,https://www.maersk.com/schedules/pointToPoint?from=27EDDQ27KL27Y&to=09BIUNPPZHC3Y&containerIsoCode=45G1&fromServiceMode=CY&toServiceMode=CY&numberOfWeeks=4&dateType=D&date=2026-03-18&vesselFlag=
27EDDQ27KL27Y__02R2IYUF20M7Z,27EDDQ27KL27Y,Xiamen,02R2IYUF20M7Z,New York / New Jersey,active,2026-03-18,full,LB5:610N|IF8:612E,2026-03-17 06:46,2026-04-29 19:00,NAVIOS JASMINE -> KANDLA EXPRESS,44d 14m,P3E | A14 Asia Shuttle 14 -> 712 TP12 | Xiamen Songyu Container Terminal (Xiamen) -> Busan new port terminal Co.ltd (Busan) -> Apm Terminal - Berth 88 E425 (Newark),https://www.maersk.com/schedules/pointToPoint?from=27EDDQ27KL27Y&to=02R2IYUF20M7Z&containerIsoCode=45G1&fromServiceMode=CY&toServiceMode=CY&numberOfWeeks=4&dateType=D&date=2026-03-18&vesselFlag=
27EDDQ27KL27Y__02R2IYUF20M7Z,27EDDQ27KL27Y,Xiamen,02R2IYUF20M7Z,New York / New Jersey,active,2026-03-18,full,P2S:611N|IF8:612E,2026-03-21 19:00,2026-04-29 19:00,SYNERGY KEELUNG -> KANDLA EXPRESS,39d 12h,P3E | A14 Asia Shuttle 14 -> 712 TP12 | Xiamen Songyu Container Terminal (Xiamen) -> Busan new port terminal Co.ltd (Busan) -> Apm Terminal - Berth 88 E425 (Newark),https://www.maersk.com/schedules/pointToPoint?from=27EDDQ27KL27Y&to=02R2IYUF20M7Z&containerIsoCode=45G1&fromServiceMode=CY&toServiceMode=CY&numberOfWeeks=4&dateType=D&date=2026-03-18&vesselFlag=
27EDDQ27KL27Y__02R2IYUF20M7Z,27EDDQ27KL27Y,Xiamen,02R2IYUF20M7Z,New York / New Jersey,active,2026-03-18,full,T9A:612N|Y00:613E,2026-03-28 19:00,2026-05-06 19:00,SYNERGY BUSAN -> COLOMBO EXPRESS,39d 12h,P3E | A14 Asia Shuttle 14 -> 712 TP12 | Xiamen Songyu Container Terminal (Xiamen) -> Busan new port terminal Co.ltd (Busan) -> Apm Terminal - Berth 88 E425 (Newark),https://www.maersk.com/schedules/pointToPoint?from=27EDDQ27KL27Y&to=02R2IYUF20M7Z&containerIsoCode=45G1&fromServiceMode=CY&toServiceMode=CY&numberOfWeeks=4&dateType=D&date=2026-03-18&vesselFlag=
27EDDQ27KL27Y__02R2IYUF20M7Z,27EDDQ27KL27Y,Xiamen,02R2IYUF20M7Z,New York / New Jersey,active,2026-03-18,full,11I:613N|612:614E,2026-04-04 19:00,2026-05-13 19:00,UTE -> GJERTRUD MAERSK,39d 12h,P3E | A14 Asia Shuttle 14 -> 712 TP12 | Xiamen Songyu Container Terminal (Xiamen) -> Busan new port terminal Co.ltd (Busan) -> Apm Terminal - Berth 88 E425 (Newark),https://www.maersk.com/schedules/pointToPoint?from=27EDDQ27KL27Y&to=02R2IYUF20M7Z&containerIsoCode=45G1&fromServiceMode=CY&toServiceMode=CY&numberOfWeeks=4&dateType=D&date=2026-03-18&vesselFlag=
27EDDQ27KL27Y__02R2IYUF20M7Z,27EDDQ27KL27Y,Xiamen,02R2IYUF20M7Z,New York / New Jersey,active,2026-03-18,full,LB5:614N|IK6:615E,2026-04-11 19:00,2026-05-20 19:00,NAVIOS JASMINE -> NHAVA SHEVA EXPRES,39d 12h,P3E | A14 Asia Shuttle 14 -> 712 TP12 | Xiamen Songyu Container Terminal (Xiamen) -> Busan new port terminal Co.ltd (Busan) -> Apm Terminal - Berth 88 E425 (Newark),https://www.maersk.com/schedules/pointToPoint?from=27EDDQ27KL27Y&to=02R2IYUF20M7Z&containerIsoCode=45G1&fromServiceMode=CY&toServiceMode=CY&numberOfWeeks=4&dateType=D&date=2026-03-18&vesselFlag=
27EDDQ27KL27Y__0FW19NDUZ2NI7,27EDDQ27KL27Y,Xiamen,0FW19NDUZ2NI7,Savannah,active,2026-03-18,full,LB4:612S|H7D:606E|621:612E,2026-03-18 14:50,2026-04-30 19:00,ERASMUS QUEEN -> CAP SAN TAINARO -> MAERSK LUZ,43d 16h 10m,P3E | I10 -> X4A NEOASAS -> 711 TP11 | Xiamen Port Group Haitian Ct Tm (Xiamen) -> Hong Kong Modern Terminals Ltd (Hong Kong) -> YANGSHAN SGH GUANDONG TERMINAL (Shanghai) -> Savannah Garden City Terminal L738 (Savannah),https://www.maersk.com/schedules/pointToPoint?from=27EDDQ27KL27Y&to=0FW19NDUZ2NI7&containerIsoCode=45G1&fromServiceMode=CY&toServiceMode=CY&numberOfWeeks=4&dateType=D&date=2026-03-18&vesselFlag=
27EDDQ27KL27Y__0FW19NDUZ2NI7,27EDDQ27KL27Y,Xiamen,0FW19NDUZ2NI7,Savannah,active,2026-03-18,full,KB9:613S|H7L:607E|C8L:613E,2026-03-26 07:15,2026-05-07 19:00,SHENG LI JI -> SAN FRANCISCA -> MAERSK SINGAPORE,42d 23h 45m,P3E | I10 -> X4A NEOASAS -> 711 TP11 | Xiamen Port Group Haitian Ct Tm (Xiamen) -> Hong Kong Modern Terminals Ltd (Hong Kong) -> YANGSHAN SGH GUANDONG TERMINAL (Shanghai) -> Savannah Garden City Terminal L738 (Savannah),https://www.maersk.com/schedules/pointToPoint?from=27EDDQ27KL27Y&to=0FW19NDUZ2NI7&containerIsoCode=45G1&fromServiceMode=CY&toServiceMode=CY&numberOfWeeks=4&dateType=D&date=2026-03-18&vesselFlag=
27EDDQ27KL27Y__0FW19NDUZ2NI7,27EDDQ27KL27Y,Xiamen,0FW19NDUZ2NI7,Savannah,active,2026-03-18,full,EW0:614S|CJ4:015E|D6R:614E,2026-03-31 09:00,2026-05-14 19:00,G. Dragon -> ZIM USA -> MAERSK SHAMS,44d 22h,P3E | I10 -> X4A NEOASAS -> 711 TP11 | Xiamen Port Group Haitian Ct Tm (Xiamen) -> Hong Kong Modern Terminals Ltd (Hong Kong) -> YANGSHAN SGH GUANDONG TERMINAL (Shanghai) -> Savannah Garden City Terminal L738 (Savannah),https://www.maersk.com/schedules/pointToPoint?from=27EDDQ27KL27Y&to=0FW19NDUZ2NI7&containerIsoCode=45G1&fromServiceMode=CY&toServiceMode=CY&numberOfWeeks=4&dateType=D&date=2026-03-18&vesselFlag=
27EDDQ27KL27Y__0FW19NDUZ2NI7,27EDDQ27KL27Y,Xiamen,0FW19NDUZ2NI7,Savannah,active,2026-03-18,full,LB4:615S|I1E:609E|531:615E,2026-04-07 09:00,2026-05-21 19:00,ERASMUS QUEEN -> San Lorenzo Maersk -> MAERSK TAIKUNG,44d 22h,P3E | I10 -> X4A NEOASAS -> 711 TP11 | Xiamen Port Group Haitian Ct Tm (Xiamen) -> Hong Kong Modern Terminals Ltd (Hong Kong) -> YANGSHAN SGH GUANDONG TERMINAL (Shanghai) -> Savannah Garden City Terminal L738 (Savannah),https://www.maersk.com/schedules/pointToPoint?from=27EDDQ27KL27Y&to=0FW19NDUZ2NI7&containerIsoCode=45G1&fromServiceMode=CY&toServiceMode=CY&numberOfWeeks=4&dateType=D&date=2026-03-18&vesselFlag=
27EDDQ27KL27Y__0FW19NDUZ2NI7,27EDDQ27KL27Y,Xiamen,0FW19NDUZ2NI7,Savannah,active,2026-03-18,full,KB9:616S|L2W:610E|533:616E,2026-04-14 09:00,2026-05-28 19:00,SHENG LI JI -> MAERSK SAN LAZARO -> MAERSK TAURUS,44d 22h,P3E | I10 -> X4A NEOASAS -> 711 TP11 | Xiamen Port Group Haitian Ct Tm (Xiamen) -> Hong Kong Modern Terminals Ltd (Hong Kong) -> YANGSHAN SGH GUANDONG TERMINAL (Shanghai) -> Savannah Garden City Terminal L738 (Savannah),https://www.maersk.com/schedules/pointToPoint?from=27EDDQ27KL27Y&to=0FW19NDUZ2NI7&containerIsoCode=45G1&fromServiceMode=CY&toServiceMode=CY&numberOfWeeks=4&dateType=D&date=2026-03-18&vesselFlag=
27EDDQ27KL27Y__183AKT65YAHRZ,27EDDQ27KL27Y,Xiamen,183AKT65YAHRZ,Houston,active,2026-03-18,full,LB5:610N|H7K:611E,2026-03-17 06:46,2026-04-22 07:00,NAVIOS JASMINE -> SAN FERNANDO,36d 13h 14m,P3E | A14 Asia Shuttle 14 -> 715 TP15 | Xiamen Songyu Container Terminal (Xiamen) -> Busan new port terminal Co.ltd (Busan) -> Bay Port Container Terminal (Houston),https://www.maersk.com/schedules/pointToPoint?from=27EDDQ27KL27Y&to=183AKT65YAHRZ&containerIsoCode=45G1&fromServiceMode=CY&toServiceMode=CY&numberOfWeeks=4&dateType=D&date=2026-03-18&vesselFlag=
27EDDQ27KL27Y__183AKT65YAHRZ,27EDDQ27KL27Y,Xiamen,183AKT65YAHRZ,Houston,active,2026-03-18,full,P2S:611N|R7Y:612E,2026-03-21 19:00,2026-04-29 07:00,SYNERGY KEELUNG -> GSL CHRISTEN,39d 1h,P3E | A14 Asia Shuttle 14 -> 715 TP15 | Xiamen Songyu Container Terminal (Xiamen) -> Busan new port terminal Co.ltd (Busan) -> Bay Port Container Terminal (Houston),https://www.maersk.com/schedules/pointToPoint?from=27EDDQ27KL27Y&to=183AKT65YAHRZ&containerIsoCode=45G1&fromServiceMode=CY&toServiceMode=CY&numberOfWeeks=4&dateType=D&date=2026-03-18&vesselFlag=
27EDDQ27KL27Y__183AKT65YAHRZ,27EDDQ27KL27Y,Xiamen,183AKT65YAHRZ,Houston,active,2026-03-18,full,T9A:612N|CR3:613E,2026-03-28 19:00,2026-05-06 07:00,SYNERGY BUSAN -> GSL Sofia,39d 1h,P3E | A14 Asia Shuttle 14 -> 715 TP15 | Xiamen Songyu Container Terminal (Xiamen) -> Busan new port terminal Co.ltd (Busan) -> Bay Port Container Terminal (Houston),https://www.maersk.com/schedules/pointToPoint?from=27EDDQ27KL27Y&to=183AKT65YAHRZ&containerIsoCode=45G1&fromServiceMode=CY&toServiceMode=CY&numberOfWeeks=4&dateType=D&date=2026-03-18&vesselFlag=
27EDDQ27KL27Y__183AKT65YAHRZ,27EDDQ27KL27Y,Xiamen,183AKT65YAHRZ,Houston,active,2026-03-18,full,11I:613N|686:614E,2026-04-04 19:00,2026-05-13 07:00,UTE -> MAERSK LAVRAS,39d 1h,P3E | A14 Asia Shuttle 14 -> 715 TP15 | Xiamen Songyu Container Terminal (Xiamen) -> Busan new port terminal Co.ltd (Busan) -> Bay Port Container Terminal (Houston),https://www.maersk.com/schedules/pointToPoint?from=27EDDQ27KL27Y&to=183AKT65YAHRZ&containerIsoCode=45G1&fromServiceMode=CY&toServiceMode=CY&numberOfWeeks=4&dateType=D&date=2026-03-18&vesselFlag=
27EDDQ27KL27Y__183AKT65YAHRZ,27EDDQ27KL27Y,Xiamen,183AKT65YAHRZ,Houston,active,2026-03-18,full,LB5:614N|26I:615E,2026-04-11 19:00,2026-05-20 07:00,NAVIOS JASMINE -> MAERSK SAIGON,39d 1h,P3E | A14 Asia Shuttle 14 -> 715 TP15 | Xiamen Songyu Container Terminal (Xiamen) -> Busan new port terminal Co.ltd (Busan) -> Bay Port Container Terminal (Houston),https://www.maersk.com/schedules/pointToPoint?from=27EDDQ27KL27Y&to=183AKT65YAHRZ&containerIsoCode=45G1&fromServiceMode=CY&toServiceMode=CY&numberOfWeeks=4&dateType=D&date=2026-03-18&vesselFlag=
